Domain,Status,Attractiveness,Demand,Length,Sectors,Created,Expires,Registrar
brief.dog,available,124,19%,5,"Business,Education,General,Law",,,
second.dog,available,120,23%,6,"General,Mathematics",,,
complete.dog,available,120,21%,8,"Manufacturing,Retail,Technology",,,
equal.dog,available,116,19%,5,"Education,General,Law",,,
tenth.dog,available,116,7%,5,Mathematics,,,
tonic.dog,available,114,22%,5,"Health and Fitness,Medicine,Science",,,
zero.dog,expiring,112,49%,4,Mathematics,26/08/2015 12:10,26/08/2025 12:10,united-domains GmbH
above.dog,available,112,22%,5,Business,,,
hotshot.dog,available,112,14%,7,"Business,Entertainment,Sports",,,
abstract.dog,available,108,29%,8,"Arts,Humanities,Science",,,
abiding.dog,available,106,5%,7,"General,Religion",,,
teen.dog,available,104,14%,4,"Education,Entertainment,Healthcare",,,
eight.dog,available,102,23%,5,"General,Mathematics",,,
captive.dog,available,102,14%,7,"Entertainment,Hospitality,Technology",,,
absent.dog,available,102,8%,6,"Business,Education,Technology",,,
extra.dog,available,102,26%,5,"Fashion,Retail,Technology",,,
remove.dog,available,100,13%,6,"Construction,Manufacturing,Technology",,,
eighth.dog,available,100,6%,6,Mathematics,,,
whiz.dog,available,100,12%,4,"Business,Education,Technology",,,
crack.dog,available,100,20%,5,Sports,,,
third.dog,available,100,16%,5,Mathematics,,,
sixth.dog,available,100,8%,5,Mathematics,,,
abrupt.dog,available,100,3%,6,"Medicine,Science",,,
ninth.dog,available,100,9%,5,Mathematics,,,
adjunct.dog,available,100,5%,7,Education,,,
whizz.dog,available,98,11%,5,"Business,Education,Technology",,,
genius.dog,expiring,98,46%,6,"Arts,Education,Technology",07/09/2021 14:42,07/09/2025 14:42,Tucows Domains Inc.
doable.dog,available,96,9%,6,"Business,Education,Technology",,,
academic.dog,available,96,20%,8,"Education,Humanities,Science",,,
actual.dog,available,96,22%,6,"Real Estate,Retail,Technology",,,
forgiving.dog,available,96,3%,9,"Healthcare,Religion",,,
alamode.dog,available,96,12%,9,Fashion,,,
abject.dog,available,94,7%,6,Humanities,,,
virtuoso.dog,available,94,16%,8,"Arts,Entertainment",,,
around.dog,available,94,22%,6,"Business,General,Media,Technology",,,
about.dog,expired,94,28%,5,"Business,General,Media,Technology",01/07/2021 18:08,01/07/2025 18:08,Porkbun LLC
adequate.dog,available,94,9%,8,"Education,Healthcare,Technology",,,
nought.dog,available,92,4%,6,Mathematics,,,
abroad.dog,available,92,12%,6,"Hospitality,Travel",,,
adjective.dog,available,92,5%,9,Education,,,
exemplary.dog,available,92,5%,9,"Business,Education,Healthcare",,,
next.dog,available,92,43%,4,"Retail,Technology,Transportation",,,
derelict.dog,available,92,7%,8,"Construction,Real Estate",,,
adept.dog,available,92,24%,5,"Education,Health and Fitness,Sports",,,
twentieth.dog,available,92,3%,9,Mathematics,,,
addictive.dog,available,90,9%,9,Healthcare,,,
riveting.dog,available,90,6%,8,"Entertainment,Media,Technology",,,
endearing.dog,available,90,1%,9,"Entertainment,Fashion,Retail",,,
clear.dog,available,90,47%,5,"Manufacturing,Retail,Technology",,,
additional.dog,available,90,8%,10,"Fashion,Retail,Technology",,,
adoring.dog,available,90,2%,7,"Entertainment,Fashion,Retail",,,
abortive.dog,available,90,1%,8,"Medicine,Science",,,
gripping.dog,available,90,3%,8,"Entertainment,Media,Technology",,,
fifteen.dog,available,88,13%,7,Mathematics,,,
eleven.dog,expired,88,33%,6,Mathematics,09/06/2024 01:30,09/06/2025 01:30,"GoDaddy.com, LLC"
sixteen.dog,available,88,11%,7,Mathematics,,,
activist.dog,available,88,12%,8,"Humanities,Politics",,,
twelve.dog,available,88,18%,6,"General,Mathematics",,,
adlib.dog,available,88,7%,6,Entertainment,,,
actionable.dog,available,88,13%,10,"Business,Law",,,
three.dog,expiring,88,24%,5,Mathematics,05/09/2015 21:05,05/09/2025 21:05,"GoDaddy.com, LLC"
proficient.dog,available,88,8%,10,"Education,Health and Fitness,Sports",,,
hundred.dog,available,88,14%,7,Mathematics,,,
ace.dog,available,88,34%,3,Sports,,,
wide.dog,expired,88,18%,4,"Business,Media,Technology",24/06/2024 08:32,24/06/2025 08:32,Domain Science Kutatási Szolgáltató Korlátolt Felelősségű Társaság
extempore.dog,available,86,3%,9,Entertainment,,,
xix.dog,available,86,11%,3,Mathematics,,,
intent.dog,available,86,25%,6,"Business,Education,Technology",,,
aboriginal.dog,available,86,10%,10,Humanities,,,
star.dog,available,86,40%,4,"Entertainment,Media,Sports",,,
attendant.dog,available,86,5%,9,"Healthcare,Hospitality,Transportation",,,
engrossing.dog,available,86,0%,10,"Entertainment,Media,Technology",,,
xiv.dog,available,86,12%,3,Mathematics,,,
adolescent.dog,available,86,3%,10,"Education,Entertainment,Healthcare",,,
recondite.dog,available,86,4%,9,"Arts,Humanities,Science",,,
acting.dog,available,84,12%,6,Entertainment,,,
deviate.dog,available,84,12%,7,"Medicine,Science",,,
adjustable.dog,available,84,3%,10,"Manufacturing,Retail,Technology",,,
sharp.dog,resell,84,34%,5,"Arts,Fashion",21/10/2024 20:20,21/10/2025 20:20,"Sav.com, LLC"
seventeen.dog,available,84,7%,9,Mathematics,,,
twentytwo.dog,available,84,11%,10,Mathematics,,,
accessory.dog,available,84,8%,9,"Fashion,Retail,Technology",,,
twentyone.dog,available,84,13%,10,Mathematics,,,
nineteen.dog,available,84,8%,8,Mathematics,,,
thirteen.dog,available,84,10%,8,Mathematics,,,
thousand.dog,available,84,8%,8,Mathematics,,,
fourteen.dog,available,84,8%,8,Mathematics,,,
altered.dog,available,82,9%,7,"Medicine,Science",,,
abroach.dog,available,82,1%,7,Food and Beverage,,,
absorbent.dog,available,82,3%,9,"Healthcare,Manufacturing,Retail",,,
impromptu.dog,available,82,16%,9,Entertainment,,,
abkhaz.dog,available,82,1%,6,Geography,,,
abdominal.dog,available,82,1%,9,"Health and Fitness,Medicine",,,
abenaki.dog,available,82,2%,7,Geography,,,
enduring.dog,available,82,9%,8,"Health and Fitness,Religion",,,
decade.dog,available,82,10%,6,Mathematics,,,
fivesome.dog,available,82,1%,8,Sports,,,
cleansing.dog,available,82,3%,9,Health and Fitness,,,
dozen.dog,available,82,10%,5,Mathematics,,,
absorbable.dog,available,80,0%,10,"Healthcare,Pharmaceuticals,Science",,,
forty.dog,available,80,9%,5,Mathematics,,,
first.dog,resell,80,36%,5,"General,Mathematics",14/04/2025 19:08,14/04/2026 19:08,Dynadot Inc
abundant.dog,available,80,19%,8,"Agriculture,Manufacturing,Retail",,,
twenty.dog,available,80,12%,6,Mathematics,,,
sequent.dog,available,80,7%,7,"Healthcare,Insurance,Transportation",,,
worshipful.dog,available,80,1%,10,"Education,Healthcare,Religion",,,
dorsal.dog,available,80,6%,6,"Medicine,Science",,,
superstar.dog,available,80,18%,9,Entertainment,,,
trio.dog,available,80,21%,4,Entertainment,,,
adoptable.dog,expiring,80,3%,9,"Education,Healthcare",05/09/2015 17:11,05/09/2025 17:11,"GoDaddy.com, LLC"
seventh.dog,available,80,10%,7,Mathematics,,,
absurd.dog,available,80,16%,6,"Arts,Entertainment,Media",,,
two.dog,expired,80,24%,3,Mathematics,11/06/2024 17:00,11/06/2025 17:00,"Sav.com, LLC - 8"
capable.dog,available,80,12%,7,"Business,Education,Technology",,,
twentysix.dog,available,78,8%,10,Mathematics,,,
acceptant.dog,available,78,1%,9,"Education,Healthcare",,,
low.dog,resell,78,20%,3,"Business,Finance",28/07/2023 06:25,28/07/2026 06:25,"NameCheap, Inc."
dormant.dog,available,78,4%,7,"Medicine,Science",,,
accessible.dog,available,78,21%,10,"Healthcare,Retail,Technology",,,
accidental.dog,available,78,11%,10,"Healthcare,Insurance,Transportation",,,
accurate.dog,available,78,16%,8,"Engineering,Mathematics,Science",,,
abounding.dog,available,78,2%,9,Agriculture,,,
acceptable.dog,available,78,5%,10,"Business,Hospitality,Retail",,,
sixtynine.dog,available,78,8%,10,Mathematics,,,
adjacent.dog,available,78,9%,8,"Construction,Real Estate,Retail",,,
abkhasian.dog,available,78,1%,9,Geography,,,
accepted.dog,available,78,6%,8,"Business,Education,Technology",,,
recognised.dog,available,78,3%,10,"Business,Education,Technology",,,
recognized.dog,available,78,3%,10,"Business,Education,Technology",,,
honestly.dog,available,78,9%,8,"Business,Law",,,
abkhazian.dog,available,78,1%,9,Geography,,,
absorptive.dog,available,78,1%,10,"Healthcare,Manufacturing,Retail",,,
athletic.dog,available,78,15%,8,"Health and Fitness,Sports",,,
adrenal.dog,available,78,4%,7,"Education,Healthcare,Science",,,
fifteenth.dog,available,76,2%,9,Mathematics,,,
energizing.dog,available,76,3%,10,"Food and Beverage,Health and Fitness,Travel",,,
obscene.dog,available,76,5%,7,"Entertainment,Media",,,
addable.dog,available,76,2%,7,"Engineering,Mathematics,Science",,,
adaptive.dog,available,76,28%,8,"Business,Education,Technology",,,
adherent.dog,available,76,4%,8,"Politics,Religion",,,
resultant.dog,available,76,2%,9,"Healthcare,Insurance,Transportation",,,
thirteenth.dog,available,76,4%,10,Mathematics,,,
auxiliary.dog,available,76,7%,9,"Healthcare,Manufacturing,Technology",,,
improvise.dog,available,76,4%,9,Entertainment,,,
adipose.dog,available,76,2%,7,"Healthcare,Science",,,
nineteenth.dog,available,76,3%,10,Mathematics,,,
firstrate.dog,available,76,6%,10,Business,,,
ague.dog,available,76,2%,4,"Geography,Medicine,Science",,,
eighteen.dog,available,76,7%,8,Mathematics,,,
ancillary.dog,available,76,6%,9,"Healthcare,Manufacturing,Technology",,,
thousandth.dog,available,76,1%,10,Mathematics,,,
diamond.dog,resell,76,32%,7,Fashion,10/05/2024 15:16,10/05/2026 15:16,Porkbun LLC
ventral.dog,available,76,3%,7,Science,,,
abrasive.dog,available,76,6%,8,"Construction,Manufacturing",,,
adaptable.dog,available,76,9%,9,"Business,Education,Technology",,,
acoustic.dog,available,76,14%,8,Science,,,
hundredth.dog,available,76,1%,9,Mathematics,,,
fourteenth.dog,available,76,1%,10,Mathematics,,,
incidental.dog,available,76,4%,10,"Healthcare,Insurance,Transportation",,,
adhesive.dog,available,76,7%,8,"Construction,Manufacturing,Technology",,,
threed.dog,available,76,7%,7,Technology,,,
mavin.dog,available,74,7%,5,"Entertainment,Fashion,Technology",,,
adamant.dog,available,74,14%,7,Religion,,,
adrenergic.dog,available,74,1%,10,"Education,Healthcare,Science",,,
playing.dog,available,74,12%,7,Entertainment,,,
realizable.dog,available,74,1%,10,"Business,Education,Technology",,,
achievable.dog,available,74,4%,10,"Business,Education,Technology",,,
activated.dog,available,74,9%,9,"Healthcare,Manufacturing,Technology",,,
skilful.dog,available,74,3%,7,"Education,Health and Fitness,Sports",,,
supra.dog,available,74,25%,5,"Medicine,Science",,,
aberrant.dog,available,74,6%,8,"Medicine,Science",,,
adenoid.dog,available,74,1%,7,"Health and Fitness,Medicine,Science",,,
abnormal.dog,available,74,16%,8,"Medicine,Science",,,
manageable.dog,available,74,4%,10,"Business,Education,Technology",,,
admirable.dog,available,74,5%,9,"Business,Education,Healthcare",,,
sensation.dog,available,74,7%,9,"Entertainment,Media,Sports",,,
broad.dog,available,74,13%,5,"Entertainment,General,Media",,,
accepting.dog,available,74,3%,9,"Education,Healthcare",,,
adapted.dog,available,74,6%,7,"Healthcare,Manufacturing,Technology",,,
acuate.dog,available,74,2%,6,"Engineering,Medicine,Science",,,
cleared.dog,available,74,7%,7,"Healthcare,Law,Transportation",,,
adiabatic.dog,available,72,3%,9,"Engineering,Science",,,
adjunctive.dog,available,72,1%,10,"Healthcare,Manufacturing,Technology",,,
liv.dog,available,72,27%,3,Mathematics,,,
ninetieth.dog,available,72,1%,9,Mathematics,,,
addicted.dog,available,72,9%,8,Healthcare,,,
abloom.dog,available,72,5%,6,Agriculture,,,
abreast.dog,available,72,2%,7,"Business,Technology",,,
aching.dog,available,72,4%,6,Healthcare,,,
engrossed.dog,available,72,1%,9,"Entertainment,Media,Technology",,,
improvize.dog,available,72,1%,9,Entertainment,,,
trinity.dog,available,72,18%,7,Religion,,,
seventieth.dog,available,72,1%,10,Mathematics,,,
absorbed.dog,available,72,2%,8,"Entertainment,Media,Technology",,,
sixtieth.dog,available,72,1%,8,Mathematics,,,
trey.dog,available,72,14%,4,Sports,,,
adjectival.dog,available,72,1%,10,Education,,,
accustomed.dog,available,72,1%,10,"Business,Education,Humanities",,,
champion.dog,available,72,28%,8,"Entertainment,Health and Fitness,Sports",,,
adaptative.dog,available,72,1%,10,"Business,Education,Technology",,,
eightieth.dog,available,72,1%,9,Mathematics,,,
accusative.dog,available,72,0%,10,"Humanities,Law",,,
ablaze.dog,available,72,6%,6,Entertainment,,,
absolutist.dog,available,72,1%,10,"Humanities,Law,Politics",,,
adonic.dog,available,72,2%,6,"Arts,Education,Entertainment",,,
existent.dog,available,72,3%,8,"Mathematics,Science",,,
ternary.dog,available,72,7%,7,Mathematics,,,
absorbing.dog,available,70,3%,9,"Entertainment,Media,Technology",,,
stillborn.dog,available,70,2%,9,"Medicine,Science",,,
recumbent.dog,available,70,2%,9,"Healthcare,Medicine,Science",,,
acuminate.dog,available,70,1%,9,"Engineering,Medicine,Science",,,
consequent.dog,available,70,3%,10,"Business,Education,General,Technology",,,
adjusted.dog,available,70,5%,8,"Manufacturing,Retail,Technology",,,
tiptop.dog,expired,70,24%,6,Fashion,03/06/2024 17:09,03/06/2025 17:09,"Spaceship, Inc."
gymnastic.dog,available,70,3%,9,"Entertainment,Sports",,,
miserable.dog,available,70,4%,9,Humanities,,,
accumbent.dog,available,70,1%,9,"Healthcare,Medicine,Science",,,
adored.dog,expiring,70,6%,6,"Entertainment,Fashion,Retail",17/09/2021 09:29,17/09/2025 09:29,"NameCheap, Inc."
lowdown.dog,available,70,6%,8,"Entertainment,Media",,,
abulic.dog,available,70,1%,6,Medicine,,,
abradant.dog,available,70,1%,8,"Construction,Manufacturing",,,
practiced.dog,available,70,3%,9,"Education,Health and Fitness,Sports",,,
admired.dog,available,70,5%,7,"Business,Education,Healthcare",,,
adamantine.dog,available,70,4%,10,Religion,,,
skillful.dog,available,70,9%,8,"Education,Health and Fitness,Sports",,,
offhand.dog,available,70,2%,7,Entertainment,,,
licensed.dog,available,68,5%,8,"Business,Healthcare,Insurance",,,
acerate.dog,available,68,1%,7,Science,,,
ane.dog,available,68,12%,3,Mathematics,,,
fortieth.dog,available,68,0%,8,Mathematics,,,
abnaki.dog,available,68,1%,6,Geography,,,
octonary.dog,available,68,1%,8,Mathematics,,,
licenced.dog,available,68,2%,8,"Business,Healthcare,Insurance",,,
accredited.dog,available,68,9%,10,"Business,Education,Healthcare",,,
achaean.dog,available,68,2%,7,Humanities,,,
stygian.dog,available,68,5%,7,Humanities,,,
aberdonian.dog,available,68,1%,10,Geography,,,
threesome.dog,available,68,5%,9,Entertainment,,,
abducent.dog,available,68,0%,8,Medicine,,,
vindicated.dog,available,68,2%,10,"Humanities,Law,Politics",,,
disciple.dog,available,68,14%,8,"Education,Religion",,,
achaian.dog,available,68,2%,7,Humanities,,,
activating.dog,available,68,3%,10,"Healthcare,Manufacturing,Technology",,,
sevener.dog,available,68,1%,7,Mathematics,,,
abkhas.dog,available,68,0%,6,Geography,,,
overseas.dog,available,68,12%,8,"Hospitality,Travel",,,
septenary.dog,available,68,1%,9,Mathematics,,,
aculeate.dog,available,68,1%,8,"Engineering,Medicine,Science",,,
fiftieth.dog,available,68,0%,8,Mathematics,,,
ennead.dog,available,68,5%,6,Mathematics,,,
ablative.dog,available,68,3%,8,Science,,,
thirtieth.dog,available,68,1%,9,Mathematics,,,
foursome.dog,available,68,4%,8,Sports,,,
decorated.dog,available,68,3%,9,"Entertainment,Fashion,Retail",,,
abstinent.dog,available,66,1%,9,"Health and Fitness,Religion",,,
onec.dog,available,66,6%,5,Mathematics,,,
latest.dog,available,66,18%,6,Technology,,,
sextet.dog,available,66,1%,6,Entertainment,,,
modish.dog,available,66,5%,6,Fashion,,,
xviii.dog,available,66,5%,5,Mathematics,,,
xxv.dog,available,66,6%,3,Mathematics,,,
accessary.dog,available,66,1%,9,"Business,Law,Technology",,,
ninety.dog,available,66,11%,6,Mathematics,,,
acrobatic.dog,available,66,4%,9,"Entertainment,Sports",,,
century.dog,available,66,17%,7,Education,,,
acappella.dog,available,66,6%,10,Entertainment,,,
exonerated.dog,available,66,2%,10,"Humanities,Law,Politics",,,
buzzing.dog,available,66,7%,7,"Entertainment,Media,Technology",,,
eighty.dog,available,66,6%,6,Mathematics,,,
six.dog,available,66,26%,3,Mathematics,,,
fifty.dog,available,66,12%,5,Mathematics,,,
xvi.dog,available,66,5%,3,Mathematics,,,
xvii.dog,available,66,5%,4,Mathematics,,,
tenner.dog,available,66,5%,6,Finance,,,
xxvi.dog,available,66,3%,4,Mathematics,,,
clv.dog,available,66,10%,3,Mathematics,,,
xxi.dog,available,66,10%,3,Mathematics,,,
teenager.dog,available,66,4%,8,"Education,Entertainment,Healthcare",,,
performing.dog,available,66,6%,10,Entertainment,,,
adorned.dog,available,66,5%,7,"Entertainment,Fashion,Retail",,,
xxii.dog,available,66,6%,4,Mathematics,,,
acervate.dog,available,66,1%,8,Science,,,
four.dog,available,66,27%,4,Mathematics,,,
according.dog,available,66,3%,9,"Business,Education,Technology",,,
thirty.dog,available,66,8%,6,Mathematics,,,
xii.dog,available,66,10%,3,Mathematics,,,
deuce.dog,available,66,9%,5,Sports,,,
ccc.dog,resell,64,38%,3,Mathematics,18/12/2024 14:59,18/12/2025 14:59,Domain Science Kutatási Szolgáltató Korlátolt Felelősségű Társaság
aflame.dog,available,64,3%,6,Entertainment,,,
accordant.dog,available,64,3%,9,"Arts,Entertainment",,,
astringent.dog,available,64,1%,10,"Healthcare,Pharmaceuticals",,,
rising.dog,available,64,18%,6,"Construction,Manufacturing,Real Estate",,,
scatty.dog,available,64,1%,6,"Arts,Entertainment,Media",,,
nondrinker.dog,available,64,1%,10,"Health and Fitness,Religion",,,
absolved.dog,available,64,1%,8,"Humanities,Law,Religion",,,
deviant.dog,available,64,12%,7,"Medicine,Science",,,
adagio.dog,available,64,14%,6,Entertainment,,,
acentric.dog,available,64,2%,8,Science,,,
troika.dog,available,62,8%,6,Politics,,,
fortyfour.dog,available,62,6%,10,Mathematics,,,
ensuant.dog,available,62,1%,7,"Healthcare,Insurance,Transportation",,,
accrued.dog,available,62,2%,7,"Banking,Finance,Insurance",,,
adjuvant.dog,available,62,5%,8,"Healthcare,Manufacturing,Technology",,,
pungent.dog,available,62,1%,7,Food and Beverage,,,
eighteenth.dog,available,62,1%,10,Mathematics,,,
orso.dog,available,62,9%,5,"Business,Media,Technology",,,
cumulative.dog,available,62,2%,10,"Banking,Finance,Insurance",,,
twodozen.dog,available,62,1%,9,Mathematics,,,
abo.dog,available,62,15%,3,Science,,,
acidic.dog,available,62,5%,6,"Food and Beverage,Science",,,
wrapped.dog,resell,62,13%,7,"Fashion,Hospitality,Retail",29/09/2024 16:52,29/09/2025 16:52,"Sav.com, LLC"
quartet.dog,available,62,7%,7,"Arts,Entertainment",,,
playacting.dog,available,62,1%,10,Entertainment,,,
aborigine.dog,available,62,1%,9,Humanities,,,
activistic.dog,available,62,1%,10,"Humanities,Politics",,,
roughly.dog,available,62,3%,7,"Business,Media,Technology",,,
longdozen.dog,available,62,2%,10,Mathematics,,,
activation.dog,available,62,16%,10,"Healthcare,Manufacturing,Technology",,,
exculpated.dog,available,62,1%,10,"Humanities,Law,Politics",,,
eleventh.dog,available,62,5%,8,Mathematics,,,
adoptive.dog,available,62,1%,8,"Education,Healthcare",,,
admissible.dog,available,62,1%,10,"Education,Healthcare,Law",,,
sixteenth.dog,available,62,1%,9,Mathematics,,,
chiliad.dog,available,62,2%,7,Mathematics,,,
nail.dog,available,62,16%,4,"Construction,Fashion,General,Retail",,,
accusing.dog,available,62,1%,8,Law,,,
aufait.dog,available,62,3%,7,"Fashion,Media",,,
xcl.dog,available,60,5%,3,Mathematics,,,
annexal.dog,available,60,1%,7,"Agriculture,Manufacturing,Retail",,,
abstemious.dog,available,60,0%,10,"Food and Beverage,Health and Fitness,Hospitality",,,
cxxv.dog,available,60,1%,4,Mathematics,,,
clx.dog,available,60,10%,3,Mathematics,,,
clxxv.dog,available,60,1%,5,Mathematics,,,
idolized.dog,available,60,3%,8,"Entertainment,Fashion,Retail",,,
octet.dog,available,60,12%,5,Arts,,,
clxxx.dog,available,60,1%,5,Mathematics,,,
abstainer.dog,available,60,0%,9,"Health and Fitness,Religion",,,
cautionary.dog,available,60,1%,10,"Business,Education,Healthcare",,,
thou.dog,available,60,7%,4,Mathematics,,,
abashed.dog,available,60,1%,7,Humanities,,,
eightysix.dog,available,60,7%,10,Mathematics,,,
paunchy.dog,available,60,0%,7,"Health and Fitness,Medicine",,,
clxx.dog,available,60,3%,4,Mathematics,,,
cxv.dog,available,60,4%,3,Mathematics,,,
idolised.dog,available,60,1%,8,"Entertainment,Fashion,Retail",,,
tertiary.dog,available,60,4%,8,Education,,,
adnexal.dog,available,60,1%,7,"Agriculture,Manufacturing,Retail",,,
aboveboard.dog,available,60,5%,10,"Business,Law",,,
cxxxv.dog,available,60,2%,5,Mathematics,,,
acceptive.dog,available,60,1%,9,"Education,Healthcare",,,
cxxx.dog,available,60,4%,4,Mathematics,,,
adnate.dog,available,60,1%,6,"Agriculture,Manufacturing,Retail",,,
cxx.dog,available,60,10%,3,Mathematics,,,
sixty.dog,available,60,13%,5,Mathematics,,,
clxv.dog,available,60,1%,4,Mathematics,,,
cxlv.dog,available,60,2%,4,Mathematics,,,
cxl.dog,available,60,7%,3,Mathematics,,,
tercet.dog,available,59,2%,6,"Arts,Entertainment,Media",,,
acyclic.dog,available,58,4%,7,"Engineering,Mathematics,Science",,,
accretive.dog,available,58,6%,9,"Banking,Finance,Insurance",,,
sextuplet.dog,available,58,1%,9,Healthcare,,,
addressed.dog,available,58,3%,9,"Business,Technology,Telecommunications",,,
abridged.dog,available,58,4%,8,Media,,,
closeto.dog,available,58,3%,8,"Business,Media,Technology",,,
heptad.dog,available,58,1%,6,Mathematics,,,
sixer.dog,available,58,5%,5,Sports,,,
fourth.dog,available,58,13%,6,Mathematics,,,
abused.dog,available,58,5%,6,"Healthcare,Law",,,
adient.dog,available,58,4%,6,"Medicine,Science",,,
hexad.dog,available,58,4%,5,Mathematics,,,
centesimal.dog,available,58,1%,10,Mathematics,,,
acetic.dog,available,58,1%,6,"Food and Beverage,Science",,,
abuzz.dog,available,58,5%,5,"Entertainment,Media,Technology",,,
niner.dog,available,58,5%,5,Mathematics,,,
accented.dog,available,58,3%,8,"Arts,Entertainment",,,
enwrapped.dog,available,58,0%,9,"Entertainment,Fashion,Media",,,
lxxx.dog,available,58,2%,4,Mathematics,,,
abandoned.dog,available,58,10%,9,"Construction,Real Estate",,,
fifth.dog,available,58,12%,5,Mathematics,,,
accoutred.dog,available,58,1%,9,"Fashion,Manufacturing,Retail",,,
octad.dog,available,58,5%,5,Mathematics,,,
seventy.dog,available,58,7%,7,Mathematics,,,
aucourant.dog,available,58,3%,10,"Fashion,Media",,,
justabout.dog,available,58,3%,10,"Business,Media,Technology",,,
eighter.dog,available,58,2%,7,Mathematics,,,
offhanded.dog,available,58,1%,9,Entertainment,,,
addible.dog,available,58,2%,7,"Engineering,Mathematics,Science",,,
quintet.dog,available,58,8%,7,"Arts,Entertainment",,,
actuarial.dog,available,58,8%,9,"Finance,Insurance,Mathematics",,,
adhoc.dog,available,58,24%,6,"Business,Engineering,Technology",,,
lxxviii.dog,available,58,1%,7,Mathematics,,,
alacarte.dog,available,58,11%,10,Food and Beverage,,,
ache.dog,available,58,7%,4,Healthcare,,,
twelfth.dog,available,58,2%,7,Mathematics,,,
pentad.dog,available,58,2%,6,Mathematics,,,
tetrad.dog,available,58,5%,6,Mathematics,,,
sixtyone.dog,available,58,3%,9,Mathematics,,,
adjustive.dog,available,58,1%,9,"Manufacturing,Retail,Technology",,,
fourscore.dog,available,58,4%,9,Mathematics,,,
xxxvii.dog,available,56,2%,6,Mathematics,,,
xxxi.dog,available,56,9%,4,Mathematics,,,
fortysix.dog,available,56,3%,9,Mathematics,,,
fiftynine.dog,available,56,4%,10,Mathematics,,,
fortytwo.dog,available,56,17%,9,Mathematics,,,
abdominous.dog,available,56,0%,10,"Health and Fitness,Medicine",,,
admittable.dog,available,56,1%,10,"Education,Healthcare,Hospitality",,,
ilx.dog,available,56,5%,3,Mathematics,,,
thirtyone.dog,available,56,5%,10,Mathematics,,,
xxviii.dog,available,56,1%,6,Mathematics,,,
potbellied.dog,available,56,0%,10,"Health and Fitness,Medicine",,,
xliii.dog,available,56,1%,5,Mathematics,,,
xxxiv.dog,available,56,1%,5,Mathematics,,,
xxxii.dog,available,56,1%,5,Mathematics,,,
admittible.dog,available,56,1%,10,"Education,Healthcare,Hospitality",,,
thirtytwo.dog,available,56,5%,10,Mathematics,,,
fortyone.dog,available,56,4%,9,Mathematics,,,
xxxvi.dog,available,56,1%,5,Mathematics,,,
xlviii.dog,available,56,1%,6,Mathematics,,,
aone.dog,available,56,15%,5,Food and Beverage,,,
xlv.dog,available,56,6%,3,Mathematics,,,
terzetto.dog,available,56,3%,8,Arts,,,
triad.dog,available,56,15%,5,Arts,,,
accoutered.dog,available,56,0%,10,"Fashion,Manufacturing,Retail",,,
fiftyone.dog,available,56,7%,9,Mathematics,,,
xxxiii.dog,available,56,2%,6,Mathematics,,,
xxxviii.dog,available,56,1%,7,Mathematics,,,
fortynine.dog,available,56,3%,10,Mathematics,,,
lii.dog,available,56,7%,3,Mathematics,,,
xxxv.dog,available,56,4%,4,Mathematics,,,
fiftyfour.dog,available,56,3%,10,Mathematics,,,
addled.dog,available,56,2%,6,Entertainment,,,
admissive.dog,available,56,1%,9,"Education,Healthcare,Hospitality",,,
thirtysix.dog,available,56,5%,10,Mathematics,,,
lviii.dog,available,56,1%,5,Mathematics,,,
lvii.dog,available,56,1%,4,Mathematics,,,
fiftysix.dog,available,56,4%,9,Mathematics,,,
xlvii.dog,available,56,2%,5,Mathematics,,,
liii.dog,available,56,4%,4,Mathematics,,,
xli.dog,available,56,5%,3,Mathematics,,,
xliv.dog,available,56,2%,4,Mathematics,,,
fiftytwo.dog,available,56,6%,9,Mathematics,,,
fiftyfive.dog,available,56,7%,10,Mathematics,,,
xlii.dog,available,56,5%,4,Mathematics,,,
xxiv.dog,available,56,5%,4,Mathematics,,,
xxvii.dog,available,56,3%,5,Mathematics,,,
lvi.dog,available,56,8%,3,Mathematics,,,
halfdozen.dog,available,56,1%,10,Mathematics,,,
maledict.dog,available,56,1%,8,Religion,,,
xxix.dog,available,56,4%,4,Mathematics,,,
xxiii.dog,available,56,5%,5,Mathematics,,,
abeyant.dog,available,56,1%,7,"Business,Law",,,
appressed.dog,available,56,0%,9,"Agriculture,Manufacturing,Retail",,,
xlvi.dog,available,56,3%,4,Mathematics,,,
quintuplet.dog,available,54,1%,10,"Healthcare,Medicine,Science",,,
quaternity.dog,available,54,4%,10,Mathematics,,,
quaternion.dog,available,54,6%,10,Mathematics,,,
adducting.dog,available,54,1%,9,"Engineering,Mathematics,Science",,,
abducens.dog,available,54,1%,8,Medicine,,,
achy.dog,available,54,3%,4,Healthcare,,,
viii.dog,available,54,6%,4,Mathematics,,,
accentual.dog,available,54,3%,9,"Arts,Entertainment",,,
monitory.dog,available,54,3%,8,"Business,Education,Healthcare",,,
abient.dog,available,54,1%,6,Science,,,
adducent.dog,available,54,1%,8,"Engineering,Mathematics,Science",,,
adjuratory.dog,available,54,0%,10,"Law,Politics,Religion",,,
twoscore.dog,available,54,2%,8,Mathematics,,,
acoustical.dog,available,54,4%,10,Science,,,
deserted.dog,available,54,3%,8,"Hospitality,Real Estate",,,
achromatic.dog,available,54,4%,10,Science,,,
vii.dog,available,54,13%,3,Mathematics,,,
threescore.dog,available,54,1%,10,Mathematics,,,
abatic.dog,available,54,1%,6,Science,,,
actuated.dog,available,54,2%,8,"Automotive,Manufacturing,Technology",,,
unnatural.dog,available,54,4%,9,"Medicine,Science",,,
abhorrent.dog,available,54,1%,9,Humanities,,,
quatern.dog,available,54,2%,7,Mathematics,,,
ternion.dog,available,54,3%,7,Mathematics,,,
adaxial.dog,available,54,2%,7,Science,,,
quadruplet.dog,available,54,1%,10,"Healthcare,Medicine,Science",,,
aboral.dog,available,54,2%,6,Science,,,
abaxial.dog,available,54,1%,7,Science,,,
abasic.dog,available,54,1%,6,Science,,,
adpressed.dog,available,54,0%,9,"Agriculture,Manufacturing,Retail",,,
admonitory.dog,available,54,0%,10,"Business,Education,Healthcare",,,
deuceace.dog,available,54,2%,9,Sports,,,
sise.dog,available,54,5%,4,Mathematics,,,
adductive.dog,available,54,0%,9,"Engineering,Mathematics,Science",,,
abatable.dog,available,54,1%,8,Law,,,
fortyfive.dog,available,54,4%,10,Mathematics,,,
iii.dog,available,54,24%,3,Mathematics,,,
accursed.dog,available,54,3%,8,"Entertainment,Media,Religion",,,
xxx.dog,resell,53,30%,3,"Arts,Entertainment,Media",24/07/2023 21:36,24/07/2026 21:36,"NameCheap, Inc."
septet.dog,available,53,1%,6,General,,,
sestet.dog,available,53,1%,6,Arts,,,
sixtysix.dog,available,52,4%,9,Mathematics,,,
xciii.dog,available,52,1%,5,Mathematics,,,
abusive.dog,available,52,3%,7,"Healthcare,Law",,,
littlejoe.dog,available,52,2%,10,"Entertainment,Media",,,
xcv.dog,available,52,7%,3,Mathematics,,,
lxvi.dog,available,52,3%,4,Mathematics,,,
lxi.dog,available,52,5%,3,Mathematics,,,
odious.dog,available,52,2%,6,"Entertainment,Humanities",,,
sixtytwo.dog,available,52,3%,9,Mathematics,,,
tierce.dog,available,52,3%,6,General,,,
detestable.dog,available,52,1%,10,Humanities,,,
lxiv.dog,available,52,3%,4,Mathematics,,,
lxxv.dog,available,52,1%,4,Mathematics,,,
abominable.dog,available,52,2%,10,"Entertainment,Humanities",,,
lxxiii.dog,available,52,1%,6,Mathematics,,,
sixtyfour.dog,available,52,3%,10,Mathematics,,,
ninetytwo.dog,available,52,4%,10,Mathematics,,,
xcii.dog,available,52,2%,4,Mathematics,,,
lxxxii.dog,available,52,1%,6,Mathematics,,,
ninetyone.dog,available,52,5%,10,Mathematics,,,
lxxxvi.dog,available,52,1%,6,Mathematics,,,
lxv.dog,available,52,5%,3,Mathematics,,,
ablated.dog,available,52,1%,7,Science,,,
xcvi.dog,available,52,2%,4,Mathematics,,,
repugnant.dog,available,52,1%,9,Humanities,,,
eightyone.dog,available,52,3%,10,Mathematics,,,
repulsive.dog,available,52,1%,9,Humanities,,,
lxxiv.dog,available,52,1%,5,Mathematics,,,
lxxxiv.dog,available,52,1%,6,Mathematics,,,
lxxxv.dog,available,52,1%,5,Mathematics,,,
lxxxvii.dog,available,52,1%,7,Mathematics,,,
eightytwo.dog,available,52,4%,10,Mathematics,,,
abstruse.dog,available,52,5%,8,"Humanities,Mathematics,Science",,,
abysmal.dog,available,52,4%,7,"Arts,Entertainment,Media",,,
lxiii.dog,available,52,2%,5,Mathematics,,,
xciv.dog,available,52,2%,4,Mathematics,,,
lxxii.dog,available,52,1%,5,Mathematics,,,
lxxi.dog,available,52,1%,4,Mathematics,,,
lxviii.dog,available,52,1%,6,Mathematics,,,
lxxvii.dog,available,52,2%,6,Mathematics,,,
aboulic.dog,available,52,1%,7,Medicine,,,
ixc.dog,available,52,5%,3,Mathematics,,,
sixtyfive.dog,available,52,3%,10,Mathematics,,,
xcvii.dog,available,52,1%,5,Mathematics,,,
adenoidal.dog,available,52,1%,9,"Health and Fitness,Medicine,Science",,,
xci.dog,available,52,4%,3,Mathematics,,,
uphill.dog,available,52,7%,6,"Sports,Transportation,Travel",,,
ixl.dog,available,52,9%,3,Mathematics,,,
lxxvi.dog,available,52,1%,5,Mathematics,,,
lxvii.dog,available,52,1%,5,Mathematics,,,
chagrined.dog,available,52,1%,9,Humanities,,,
ninetysix.dog,available,52,4%,10,Mathematics,,,
xcviii.dog,available,52,1%,6,Mathematics,,,
lxxxi.dog,available,52,1%,5,Mathematics,,,
decumbent.dog,available,52,1%,9,"Healthcare,Medicine,Science",,,
lxii.dog,available,52,1%,4,Mathematics,,,
lxxxiii.dog,available,52,1%,7,Mathematics,,,
abdicable.dog,available,50,0%,9,Law,,,
acaudal.dog,available,50,1%,7,"Agriculture,Science",,,
triplet.dog,available,50,8%,7,Science,,,
acellular.dog,available,50,1%,9,Science,,,
adactylous.dog,available,50,0%,10,Science,,,
vinegary.dog,available,50,1%,8,Food and Beverage,,,
needlelike.dog,available,50,0%,10,"Engineering,Medicine,Science",,,
acerb.dog,available,50,2%,5,Science,,,
abbatial.dog,available,50,0%,8,Religion,,,
acetous.dog,available,50,1%,7,Science,,,
quint.dog,available,50,13%,5,"Arts,Entertainment",,,
aculeated.dog,available,50,0%,9,"Engineering,Medicine,Science",,,
ogdoad.dog,available,50,1%,6,Mathematics,,,
acetose.dog,available,50,1%,7,Science,,,
acerose.dog,available,50,1%,7,Science,,,
abducting.dog,available,50,0%,9,Medicine,,,
aborticide.dog,available,50,0%,10,Medicine,,,
abranchial.dog,available,50,0%,10,Science,,,
acquitted.dog,available,50,1%,9,Law,,,
abactinal.dog,available,50,0%,9,Science,,,
spinous.dog,available,50,1%,7,"Agriculture,Science",,,
trine.dog,available,50,11%,5,"General,Religion",,,
acapnotic.dog,available,50,0%,9,"Healthcare,Medicine,Science",,,
cinque.dog,available,50,7%,6,Mathematics,,,
abomasal.dog,available,50,0%,8,Agriculture,,,
gillless.dog,available,50,0%,9,Science,,,
acapnic.dog,available,50,0%,7,"Healthcare,Medicine,Science",,,
acerbic.dog,available,50,2%,7,"Arts,Humanities,Media",,,
broached.dog,available,50,0%,8,Food and Beverage,,,
adhominem.dog,available,50,2%,10,"Humanities,Law,Politics",,,
lxx.dog,available,50,5%,3,Mathematics,,,
ilxxx.dog,available,48,1%,5,Mathematics,,,
apriori.dog,available,48,13%,8,Mathematics,,,
abyssal.dog,available,48,12%,7,"Arts,Entertainment,Media",,,
execrable.dog,available,48,0%,9,"Entertainment,Humanities",,,
notguilty.dog,available,48,5%,10,Law,,,
abstracted.dog,available,48,5%,10,"Arts,Humanities,Science",,,
lxxxviii.dog,available,48,1%,8,Mathematics,,,
ilxx.dog,available,48,1%,4,Mathematics,,,
acetonic.dog,available,46,1%,8,Science,,,
acanthoid.dog,available,46,1%,9,"Agriculture,Science",,,
acanthous.dog,available,46,0%,9,"Agriculture,Science",,,
achenial.dog,available,46,1%,8,Science,,,
acephalous.dog,available,46,1%,10,Science,,,
acetylenic.dog,available,46,1%,10,Science,,,
acicular.dog,available,46,2%,8,Science,,,
achromous.dog,available,46,1%,9,Science,,,
acaudate.dog,available,46,1%,8,"Agriculture,Science",,,
acapnial.dog,available,46,0%,8,"Healthcare,Medicine,Science",,,
acarpelous.dog,available,46,0%,10,"Agriculture,Science",,,
achromic.dog,available,46,2%,8,Science,,,
acetabular.dog,available,46,1%,10,Science,,,
acetylic.dog,available,46,1%,8,Science,,,
stripling.dog,available,46,2%,9,"Education,Entertainment,Healthcare",,,
theabsurd.dog,available,46,1%,10,"Arts,Entertainment,Media",,,
quaternary.dog,available,46,3%,10,Mathematics,,,
acanthotic.dog,available,46,0%,10,"Agriculture,Science",,,
cotyloid.dog,available,46,1%,8,Science,,,
acheronian.dog,available,46,1%,10,Humanities,,,
stemless.dog,available,46,2%,8,"Agriculture,Science",,,
vinegarish.dog,available,46,1%,10,Food and Beverage,,,
acarpous.dog,available,46,0%,8,"Agriculture,Science",,,
cotyloidal.dog,available,44,1%,10,Science,,,
accusatory.dog,available,44,1%,10,Law,,,
acherontic.dog,available,44,1%,10,Humanities,,,
phoebe.dog,available,41,14%,6,Science,,,
abscessed.dog,available,41,0%,9,Healthcare,,,
accusive.dog,available,40,1%,8,Law,,,
scurrilous.dog,available,40,1%,10,"Entertainment,Media,Politics",,,
accurst.dog,available,40,1%,7,Religion,,,